{
    "images":
    {
		
		"menubar":
        {
            "image" : "custommainmenu:textures/bg_menu.png",
            "posX" : -115,
            "posY" : 0,
            "width" : 230,
            "height" : 1500,
            "alignment" : "top_center"
        },
		"logo":
        {
            "image" : "custommainmenu:textures/gui/minecraft.png",
            "posX" : -128,
            "posY" : 10,
            "width" : 256,
            "height" : 256,
            "alignment" : "top_center"
        },
		"flare":
        {
            "image" : "custommainmenu:textures/gui/flare.png",
            "posX" : -175,
            "posY" : -8,
            "width" : 350,
            "height" : 350,
            "alignment" : "top_center"
        }
	
	},
    
    "buttons":
    {     
		"singleplayer":
        {
            "text" : "menu.singleplayer",
			"normalTextColor" : 12303291,
			"hoverTextColor" : 3125670,
			"texture" : "custommainmenu:textures/btn.png",
            "posX" : -113,
            "posY" : 100,
            "width" : 226,
            "height" : 20,
			"imageWidth" : 100,
			"imageHeight" : 50,
			"alignment" : "top_center",
            "action" : 
            {
                "type" : "openGui",
                "gui" : "singleplayer"
            }
        },		

		"multiplayer":
        {
            "text" : "menu.multiplayer",			
			"normalTextColor" : 12303291,
			"hoverTextColor" : 3125670,
			"texture" : "custommainmenu:textures/btn.png",
            "posX" : -113,
            "posY" : 120,
            "width" : 226,
            "height" : 20,
			"imageWidth" : 100,
			"imageHeight" : 50,
			"alignment" : "top_center",
            "action" : 
            {
                "type" : "openGui",
                "gui" : "multiplayer"
            }
        },
               
		"options":
        {
            "text" : "menu.options",
			"normalTextColor" : 12303291,
			"hoverTextColor" : 3125670,
			"texture" : "custommainmenu:textures/btn.png",
            "posX" : -113,
            "posY" : 140,
            "width" : 226,
            "height" : 20,
			"imageWidth" : 100,
			"imageHeight" : 50,
			"alignment" : "top_center",
            "action" : 
            {
                "type" : "openGui",
                "gui" : "options"
            }
        },
                    
        "quit":
        {
            "text" : "menu.quit",
			"normalTextColor" : 12303291,
			"hoverTextColor" : 14483456,
			"texture" : "custommainmenu:textures/btn.png",
            "posX" : -113,
            "posY" : 175,
            "width" : 226,
            "height" : 20,
			"imageWidth" : 100,
			"imageHeight" : 50,
			"alignment" : "top_center",
			"hoverText" : "Don't you dare!",
            "action" : 
            {
                "type" : "quit"
            }
        },
        
        "mods":
        {
            "text" : "Mods (#modsactive#)",
			"normalTextColor" : 12303291,
			"hoverTextColor" : 3125670,
			"tooltip" : "#modsactive#/#modsloaded# mods active!",
			"texture" : "custommainmenu:textures/btn.png",
            "posX" : -47,
            "posY" : -30,
            "width" : 95,
            "height" : 20,
			"imageWidth" : 100,
			"imageHeight" : 50,
			"alignment" : "bottom_center",
            "action" : 
            {
                "type" : "openGui",
                "gui" : "mods"
            }
        },
		
		"changelog":
        {
            "text" : "",
            "posX" : -37,
            "posY" : -37,
            "width" : 11,
            "height" : 11,
			"alignment" : "bottom_right",
			"tooltip" : "Changelog",
			"texture" : "custommainmenu:textures/icons/changelog.png",
            "action" : {
                "type" : "openLink",
				        "link" : "https://www.reddit.com/r/MinecraftUnabridged/"
            }
        },
		
		
		"language":
        {
            "text" : "",
            "posX" : -37,
            "posY" : -22,
            "width" : 11,
            "height" : 11,
			"alignment" : "bottom_right",
			"tooltip" : "Language",
			"texture" : "custommainmenu:textures/icons/globe.png",
            "action" : 
            {
                "type" : "openGui",
                "gui" : "languages"
            }
        },
		
		"Github":
        {
            "text" : "",
			"texture" : "custommainmenu:textures/icons/github.png",
			"tooltip" : "Github",
			"alignment" : "bottom_center",
            "posX" : -110,
            "posY" : -30,
            "width" : 30,
            "height" : 20,
			"action" :
			{
                "type" : "openLink",
				"link" : "https://www.github.com/BBoldt/Unabridged/issues"
            }
        },

		"Reddit":
        {
            "text" : "",
			"texture" : "custommainmenu:textures/icons/reddit.png",
			"tooltip" : "Reddit",
			"alignment" : "bottom_center",
            "posX" : -79,
            "posY" : -30,
            "width" : 30,
            "height" : 20,
			"action" :
			{
                "type" : "openLink",
				"link" : "http://www.reddit.com/r/MinecraftUnabridged/"
            }	
        },
        
        "Twitter":
        {
            "text" : "",
			"texture" : "custommainmenu:textures/icons/twitter.png",
			"tooltip" : "Twitter",
			"alignment" : "bottom_center",
            "posX" : 49,
            "posY" : -30,
            "width" : 30,
            "height" : 20,
			"action" :
			{
                "type" : "openLink",
				"link" : "http://www.twitter.com/bboldtabridged"
            }	
        },
		
		"Discord":
        {
            "text" : "",
			"texture" : "custommainmenu:textures/icons/discord.png",
			"tooltip" : "Discord",
			"alignment" : "bottom_center",
            "posX" : 80,
            "posY" : -30,
            "width" : 30,
            "height" : 20,
			"action" :
			{
                "type" : "openLink",
				"link" : "https://discord.gg/wV3jFx7F2e"
            }	
        }
	},
    
    "texts":
    {
        "version":
        {
            "text" : "3.19",
            "posX" : -10,
            "posY" : 75,
            "color" : -1,
            "alignment" : "top_center"
        }
    },
    
    "other":
    {
		"background":
        {
            "image" : "",
            "slideshow":
            {
                "images" : [
					"custommainmenu:scrn/bg (1).png",
					"custommainmenu:scrn/bg (2).png",
					"custommainmenu:scrn/bg (3).png",
					"custommainmenu:scrn/bg (4).png",
					"custommainmenu:scrn/bg (5).png",
					"custommainmenu:scrn/bg (6).png",
					"custommainmenu:scrn/bg (7).png",
					"custommainmenu:scrn/bg (8).png",
					"custommainmenu:scrn/bg (9).png",
					"custommainmenu:scrn/bg (10).png",
					"custommainmenu:scrn/bg (11).png",
					"custommainmenu:scrn/bg (12).png",
					"custommainmenu:scrn/bg (13).png",
					"custommainmenu:scrn/bg (14).png",
					"custommainmenu:scrn/bg (15).png",
					"custommainmenu:scrn/bg (16).png",
					"custommainmenu:scrn/bg (17).png",
					"custommainmenu:scrn/bg (18).png",
					"custommainmenu:scrn/bg (19).png",
                    "custommainmenu:scrn/bg (20).png",
                    "custommainmenu:scrn/bg (21).png",
                    "custommainmenu:scrn/bg (22).png",
                    "custommainmenu:scrn/bg (23).png",
                    "custommainmenu:scrn/bg (24).png",
                    "custommainmenu:scrn/bg (25).png",
                    "custommainmenu:scrn/bg (26).png",
                    "custommainmenu:scrn/bg (27).png",
                    "custommainmenu:scrn/bg (28).png",
                    "custommainmenu:scrn/bg (29).png",
                    "custommainmenu:scrn/bg (30).png",
                    "custommainmenu:scrn/bg (31).png",
                    "custommainmenu:scrn/bg (32).png",
                    "custommainmenu:scrn/bg (33).png",
                    "custommainmenu:scrn/bg (34).png",
                    "custommainmenu:scrn/bg (35).png",
                    "custommainmenu:scrn/bg (36).png",
                    "custommainmenu:scrn/bg (37).png",
                    "custommainmenu:scrn/bg (38).png",
                    "custommainmenu:scrn/bg (39).png",
                    "custommainmenu:scrn/bg (40).png",
                    "custommainmenu:scrn/bg (41).png",
                    "custommainmenu:scrn/bg (42).png",
                    "custommainmenu:scrn/bg (43).png",
                    "custommainmenu:scrn/bg (44).png",
                    "custommainmenu:scrn/bg (45).png",
                    "custommainmenu:scrn/bg (46).png",
                    "custommainmenu:scrn/bg (47).png",
                    "custommainmenu:scrn/bg (48).png",
                    "custommainmenu:scrn/bg (49).png",
                    "custommainmenu:scrn/bg (50).png",
                    "custommainmenu:scrn/bg (51).png",
                    "custommainmenu:scrn/bg (52).png",
                    "custommainmenu:scrn/bg (53).png",
                    "custommainmenu:scrn/bg (54).png",
                    "custommainmenu:scrn/bg (55).png",
                    "custommainmenu:scrn/bg (56).png",
                    "custommainmenu:scrn/bg (57).png",
                    "custommainmenu:scrn/bg (58).png",
                    "custommainmenu:scrn/bg (59).png",
                    "custommainmenu:scrn/bg (60).png",
                    "custommainmenu:scrn/bg (61).png",
                    "custommainmenu:scrn/bg (62).png",
                    "custommainmenu:scrn/bg (63).png",
                    "custommainmenu:scrn/bg (64).png",
                    "custommainmenu:scrn/bg (65).png",
                    "custommainmenu:scrn/bg (66).png",
                    "custommainmenu:scrn/bg (67).png",
                    "custommainmenu:scrn/bg (68).png",
                    "custommainmenu:scrn/bg (69).png",
                    "custommainmenu:scrn/bg (70).png",
                    "custommainmenu:scrn/bg (71).png",
                    "custommainmenu:scrn/bg (72).png",
                    "custommainmenu:scrn/bg (73).png",
                    "custommainmenu:scrn/bg (74).png",
                    "custommainmenu:scrn/bg (75).png",
                    "custommainmenu:scrn/bg (76).png",
                    "custommainmenu:scrn/bg (77).png",
                    "custommainmenu:scrn/bg (78).png",
                    "custommainmenu:scrn/bg (79).png",
                    "custommainmenu:scrn/bg (80).png",
                    "custommainmenu:scrn/bg (81).png",
                    "custommainmenu:scrn/bg (82).png",
                    "custommainmenu:scrn/bg (83).png",
                    "custommainmenu:scrn/bg (84).png",
                    "custommainmenu:scrn/bg (85).png",
                    "custommainmenu:scrn/bg (86).png",
                    "custommainmenu:scrn/bg (87).png",
                    "custommainmenu:scrn/bg (88).png",
                    "custommainmenu:scrn/bg (89).png",
                    "custommainmenu:scrn/bg (90).png",
                    "custommainmenu:scrn/bg (91).png",
                    "custommainmenu:scrn/bg (92).png",
                    "custommainmenu:scrn/bg (93).png",
					"custommainmenu:scrn/bg (94).png"
							],
				"displayDuration" : 100,
				"fadeDuration" : 40,
				"shuffle" : true
            }
        }
    }
}