<!-- 
Custom recipes that will not be over written by Ender IO are added here.
Examples of recipes can be found in AlloySmelterRecipes_Core.xml and general format
documentation in SAGMillRecipes_Core/User.

As well as adding custom recipes the operation of the Alloy Smelter as a vanilla furnace 
can be controlled. It can be disabled completely by simply adding this line:

  <vanillaFurnaceRecipes enabled="false"/>    

It is also possible to selectively disable vanilla furnace recipes.
The following example disables the smelting of iron ingots, ender pearls and any form of iron ore registered in the
ore dictionary.

  <vanillaFurnaceRecipes>    
    <exclude>
      <itemStack itemID="265" /> 
      <itemStack itemID="368" /> 
      <itemStack oreDictionary="oreIron" />  
    </exclude>

  </vanillaFurnaceRecipes>
  
  Add this line to disbale the creation of TE alloys using the Alloy Smelter.
  <recipeGroup name="Thermal Expansion" enabled="false"/>
-->

<AlloySmelterRecipes>

  <recipeGroup name="TConstruct">

    <recipe name="Manyullyn from dust" energyCost="1000">
      <input>
        <itemStack oreDictionary="dustCobalt" />
        <itemStack oreDictionary="dustArdite"/>
      </input>                       
      <output>
        <itemStack modID="TConstruct" itemName="materials" itemMeta="5" exp="1"/> 
      </output>
    </recipe>

    <recipe name="Manyullyn from ingots" energyCost="1000">
      <input>
        <itemStack oreDictionary="ingotArdite" />
        <itemStack oreDictionary="ingotCobalt" />
      </input>                       
      <output>
        <itemStack modID="TConstruct" itemName="materials" itemMeta="5" exp="1"/> 
      </output>
    </recipe>
	
    <recipe name="Alumite" energyCost="2000">
      <input>
        <itemStack modID="minecraft" itemName="iron_ingot" number="2" />         
        <itemStack oreDictionary="ingotAluminium" number="5" />
        <itemStack modID="minecraft" itemName="obsidian" number="2" />
      </input>
      <output>
        <itemStack modID="TConstruct" itemName="materials" itemMeta="15" number="5" exp="0.5"/> 
      </output>
    </recipe>
	
      <recipe name="Aluminum Brass" energyCost="1500">
      <input>
        <itemStack oreDictionary="ingotgold" />
        <itemStack oreDictionary="ingotbrass" />
      </input>                       
      <output>
        <itemStack modID="TConstruct" itemName="materials" itemMeta="14" number="1" exp="1"/> 
      </output>
    </recipe>
   </recipeGroup>
	
  <recipeGroup name="Other">
  
      <recipe name="Bronze" energyCost="1500">
      <input>
        <itemStack oreDictionary="ingotTin" />
        <itemStack oreDictionary="ingotCopper" number="3" />
      </input>                       
      <output>
        <itemStack modID="gregtech" itemName="gt.metaitem.01" itemMeta="11300" number="4" exp="1"/> 
      </output>
    </recipe>
	
      <recipe name="Brass" energyCost="1500">
      <input>
        <itemStack oreDictionary="ingotZinc" />
        <itemStack oreDictionary="ingotCopper" number="3" />
      </input>                       
      <output>
        <itemStack modID="gregtech" itemName="gt.metaitem.01" itemMeta="11301" number="4" exp="1"/> 
      </output>
    </recipe>
   </recipeGroup>
  
 
</AlloySmelterRecipes>  

