<enchaterRecipes>

<!-- An example of how to add the enchantments from Thaumcraft.
 
  <enchantment name="enchantment.potency" costPerLevel="5">
    <itemStack modID="Thaumcraft" itemName="ItemShard" itemMeta="1"/>
  </enchantment>

  <enchantment name="enchantment.frugal" costPerLevel="5">
    <itemStack modID="Thaumcraft" itemName="ItemShard" itemMeta="4" />
  </enchantment>

  <enchantment name="enchantment.wandfortune" costPerLevel="5">
    <itemStack modID="Thaumcraft" itemName="blockCustomPlant" itemMeta="1"/>
  </enchantment>

  <enchantment name="enchantment.haste" costPerLevel="5">
    <itemStack modID="Thaumcraft" itemName="blockMetalDevice" itemMeta="8"/>
  </enchantment>

  <enchantment name="enchantment.repair" costPerLevel="15">
    <itemStack modID="Thaumcraft" itemName="BlockJarNodeItem"/>
  </enchantment>
  
 -->
  <enchantment name="enchantment.openblocks.explosive" costPerLevel="5">
    <itemStack modID="minecraft" itemName="tnt" number="4"/>
  </enchantment>
  <enchantment name="enchantment.openblocks.laststand" costPerLevel="5">
    <itemStack modID="TConstruct" itemName="oreBerries " itemMeta="5" number="16" />
  </enchantment>
  <enchantment name="enchantment.openblocks.flimflam" costPerLevel="10">
    <itemStack modID="minecraft" itemName="golden_carrot" number="4"/>
  </enchantment>
  <enchantment name="enchantment.xpboost" costPerLevel="5">
    <itemStack modID="minecraft" itemName="lapis_block" number="2"/>
  </enchantment>
  <enchantment name="enchantment.autosmelt" costPerLevel="20">
    <itemStack modID="TConstruct" itemName="materials" itemMeta="7"/>
  </enchantment>  
  <enchantment name="enchantment.frost_walker" costPerLevel="5" >
    <itemStack modID="minecraft" itemName="ice" number="16" />
  </enchantment>
  <enchantment name="enchantment.mending" costPerLevel="5" >
    <itemStack modID="TConstruct" itemName="oreBerries.two" itemMeta="9" number="8" />
  </enchantment>
  <enchantment name="enchantment.projectred.expansion.fuel_efficiency" costPerLevel="5" >
    <itemStack modID="ProjRed|Core" itemName="projectred.core.part" itemMeta="37" number="16" />
  </enchantment>
  <enchantment name="simplyjetpacks.enchantment.fuelEfficiency" costPerLevel="5" >
    <itemStack modID="simplyjetpacks" itemName="particleCustomizers" number="4" />
  </enchantment>
  <enchantment name="enchantment.railcraft.crowbar.wrecking" costPerLevel="8" >
    <itemStack modID="Railcraft" itemName="part.rebar" number="8" />
  </enchantment>
  <enchantment name="enchantment.railcraft.crowbar.implosion" costPerLevel="8" >
    <itemStack modID="Railcraft" itemName="part.tie" number="16" />
  </enchantment>
  <enchantment name="enchantment.railcraft.crowbar.destruction" costPerLevel="8" >
    <itemStack modID="Railcraft" itemName="part.tie" itemMeta="1" number="16" />
  </enchantment>
  <enchantment name="Reading" costPerLevel="10" >
    <itemStack modID="BiblioCraft" itemName="item.BiblioChase" number="8" />
  </enchantment>
  <enchantment name="Eternal Compass" costPerLevel="10" >
    <itemStack modID="BiblioCraft" itemName="item.FramingSheet" number="16" />
  </enchantment>
</enchaterRecipes>
