<!--
This is the user configurable SAG Mill recipe file. This file will not be modified or removed by EnderIO.

Adding new Recipes:
For details of how to add a new recipe please see the documentation at the top of SAGMillRecipes_Core.xml.

Removing Recipes:
To disable all recipes within a group, in this example Forestry, include the following in this file:

<recipeGroup name="Forestry" enabled="false"/>

To disable individual recipes, simply provide an invalid recipe for them:

<recipeGroup name="Applied Energistics">
  <recipe name="CertusQuartzOre"/>
</recipeGroup>

To change an existing recipe, just add the recipe to this file using the same recipe group and recipe name as
found in the core file.
 
-->

<SAGMillRecipes>

<!-- Disables all recipes in the group 'Vanilla'
<recipeGroup name="Vanilla" enabled="false"/> 
-->

<!-- Uncomment this block to change the default TE obsidian -> dust recipe to the railcraft recipe.  
  <recipeGroup name="Thermal Expansion">
  
    <recipe name="Obsidian" energyCost="400">
      <input>
        <itemStack itemID="49" />
      </input>      
      <output>
        <itemStack modID="Railcraft" itemName="tile.railcraft.cube" itemMeta="4" number="1" />
      </output>
      <output>
        <itemStack oreDictionary="dustObsidian" number="1" chance="0.15" />
      </output>
      <output>
        <itemStack oreDictionary="dustObsidian" number="1" chance="0.025" />
      </output>
    </recipe>
    
</recipeGroup> 
-->

<!-- Disables the glass recipes in the group 'Vanilla' 
<recipeGroup name="Vanilla"> 
  <recipe name="Glass"/> 
</recipeGroup>
-->


<!-- Modify a core recipe defination, in this case, make glass give diamonds. 
<recipeGroup name="Vanilla">
  <recipe name="Glass" energyCost="120"> 
      <input>
        <itemStack itemID="20" />
      </input>
      <output>
        <itemStack itemID="264" />
      </output>
    </recipe>
</recipeGroup>
-->

<!-- Adding a new recipe to a new group 
<recipeGroup name="CrazyPantsGroup">
  <recipe name="SolarToGlass" energyCost="120"> 
      <input>
        <itemStack modID="EnderIO" itemName="enderIO:blockSolarPanel"/>
      </input>
      <output>
        <itemStack itemID="20" />
      </output>
    </recipe>
</recipeGroup>
-->
  <recipeGroup name="TConstruct Ores/Ingots">

    <recipe name="ArditeOre" energyCost="360">
      <input>
        <itemStack oreDictionary="oreArdite" />
      </input>
      <output>
        <itemStack modID="OresPlus" itemName="dustArdite" number="2" />
        <itemStack modID="OresPlus" itemName="dustTinyArdite" chance="0.125" />
        <itemStack modID="gregtech" itemName="gt.metaitem.01" itemMeta="2807" chance="0.5"/>
      </output>
    </recipe>

    <recipe name="ArditeIngot" energyCost="240">
      <input>
        <itemStack oreDictionary="ingotArdite" />
      </input>
      <output>
        <itemStack modID="OresPlus" itemName="dustArdite" />
      </output>
    </recipe>
	
    <recipe name="CobaltOre" energyCost="360">
      <input>
        <itemStack oreDictionary="oreCobalt" />
      </input>
      <output>
        <itemStack modID="gregtech" itemName="gt.metaitem.01" itemMeta="2033" number="2" />
        <itemStack modID="gregtech" itemName="gt.metaitem.01" itemMeta="33" chance="0.125" />
      </output>
    </recipe>

    <recipe name="CobaltIngot" energyCost="240">
      <input>
        <itemStack oreDictionary="ingotCobalt" />
      </input>
      <output>
        <itemStack modID="gregtech" itemName="gt.metaitem.01" itemMeta="2033" />
      </output>
    </recipe>
  </recipeGroup>
  <recipeGroup name="BigReactors">
    <recipe name="YelloriteOre" energyCost="360">
      <input>
        <itemStack oreDictionary="oreYellorite" />
      </input>
      <output>
        <itemStack oreDictionary="dustYellorium" number="2" />
        <itemStack oreDictionary="dustCyanite" number="1" chance="0.05" />
      </output>
    </recipe>
  </recipeGroup>
</SAGMillRecipes>
