{
    "yellorite": {
        "template": "uniform",
                "block": [
            {
                "name": "BigReactors:YelloriteOre",
                "weight": 35
            },
            {
                "name": "physicanuclearphysics:uraniumOre",
                "weight": 65
            }
        ],
        "clusterSize": 8,
        "numClusters": 2,
        "minHeight": 0,
        "maxHeight": 50,
        "retrogen": "true",
        "biomeRestriction": "none",
        "biomes": [],
        "dimensionRestriction": "blacklist",
        "dimensions": [
            -30,
			-29,
			-28,
			-1,
            1
        ]
    },
    "osmium": {
        "template": "uniform",
        "block": "Mekanism:OreBlock",
        "clusterSize": 4,
        "numClusters": 6,
        "minHeight": 0,
        "maxHeight": 32,
        "retrogen": "true",
        "biomeRestriction": "none",
        "biomes": [],
        "dimensionRestriction": "blacklist",
        "dimensions": [
            -30,
			-29,
			-28,
			-1,
            1
        ]
    },
    "aluminum": {
        "template": "normal",
        "block": {
            "name": "TConstruct:SearedBrick",
            "metadata": 5
        },
        "material": "minecraft:stone",
        "clusterSize": 12,
        "numClusters": 4,
        "meanHeight": 64,
        "maxVariance": 16,
        "retrogen": "true",
        "biomeRestriction": "blacklist",
        "biomes": [
            "ocean"
        ],
        "dimensionRestriction": "blacklist",
        "dimensions": [
            -30,
			-29,
			-28,
			-1,
            1
        ]
    },
	"EnderAmethyst": {
        "template": "uniform",
        "block": "BiomesOPlenty:gemOre",
		"material": "minecraft:end_stone",
        "clusterSize": 8,
        "numClusters": 5,
        "minHeight": 0,
        "maxHeight": 64,
        "retrogen": "true",
        "biomeRestriction": "none",
        "biomes": [
            "all"
        ],
        "dimensionRestriction": "whitelist",
        "dimensions": [
            1
        ]
    },
    "apatite": {
        "template": "uniform",
        "block": "Forestry:resources",
        "clusterSize": 20,
        "numClusters": 5,
        "minHeight": 65,
        "maxHeight": 256,
        "retrogen": "true",
        "biomeRestriction": "none",
        "biomes": [
            "all"
        ],
        "dimensionRestriction": "blacklist",
        "dimensions": [
            -30,
			-29,
			-28,
			-1,
            1
        ]
    },
    "limestone": {
        "template": "uniform",
        "block": [
            {
                "name": "harvestcraft:salt",
                "weight": 20
            },
            {
                "name": "chisel:limestone",
                "weight": 80
            }
        ],
        "clusterSize": 45,
        "numClusters": 1,
        "minHeight": 32,
        "maxHeight": 64,
        "retrogen": "true",
        "biomeRestriction": "none",
        "biomes": [
            "all"
        ],
        "dimensionRestriction": "blacklist",
        "dimensions": [
            -30,
			-29,
			-28,
			-1,
            1
        ]
    },
	"marble": {
        "template": "uniform",
        "block": "chisel:marble",
        "clusterSize": 45,
        "numClusters": 1,
        "minHeight": 64,
        "maxHeight": 128,
        "retrogen": "true",
        "biomeRestriction": "none",
        "biomes": [
            "all"
        ],
        "dimensionRestriction": "blacklist",
        "dimensions": [
            -30,
			-29,
			-28,
			-1,
            1
        ]
    },
    "essenceberries": {
        "template": "uniform",
        "block": {
            "name": "TConstruct:ore.berries.two",
            "metadata": 9
        },
		"material": "minecraft:dirt",
        "clusterSize": 4,
        "numClusters": 20,
        "minHeight": 0,
        "maxHeight": 12,
        "retrogen": "true",
        "biomeRestriction": "none",
        "biomes": [],
        "dimensionRestriction": "blacklist",
        "dimensions": [
            -30,
			-29,
			-28,
			-1,
            1
        ]
    }
}